--
-- PostgreSQL database dump
--

-- Dumped from database version 14.5
-- Dumped by pg_dump version 14.5

-- Started on 2022-12-15 16:25:23

SET statement_timeout = 0;
SET lock_timeout = 0;
SET idle_in_transaction_session_timeout = 0;
SET client_encoding = 'UTF8';
SET standard_conforming_strings = on;
SELECT pg_catalog.set_config('search_path', '', false);
SET check_function_bodies = false;
SET xmloption = content;
SET client_min_messages = warning;
SET row_security = off;

SET default_tablespace = '';

SET default_table_access_method = heap;

--
-- TOC entry 210 (class 1259 OID 17134)
-- Name: category; Type: TABLE; Schema: public; Owner: postgres
--

CREATE TABLE public.category (
    id integer NOT NULL,
    name character varying(255)
);


ALTER TABLE public.category OWNER TO postgres;

--
-- TOC entry 209 (class 1259 OID 17133)
-- Name: category_id_seq; Type: SEQUENCE; Schema: public; Owner: postgres
--

ALTER TABLE public.category ALTER COLUMN id ADD GENERATED BY DEFAULT AS IDENTITY (
    SEQUENCE NAME public.category_id_seq
    START WITH 1
    INCREMENT BY 1
    NO MINVALUE
    NO MAXVALUE
    CACHE 1
);


--
-- TOC entry 212 (class 1259 OID 17140)
-- Name: image; Type: TABLE; Schema: public; Owner: postgres
--

CREATE TABLE public.image (
    id integer NOT NULL,
    file_name character varying(255),
    product_id integer NOT NULL
);


ALTER TABLE public.image OWNER TO postgres;

--
-- TOC entry 211 (class 1259 OID 17139)
-- Name: image_id_seq; Type: SEQUENCE; Schema: public; Owner: postgres
--

ALTER TABLE public.image ALTER COLUMN id ADD GENERATED BY DEFAULT AS IDENTITY (
    SEQUENCE NAME public.image_id_seq
    START WITH 1
    INCREMENT BY 1
    NO MINVALUE
    NO MAXVALUE
    CACHE 1
);


--
-- TOC entry 214 (class 1259 OID 17146)
-- Name: orders; Type: TABLE; Schema: public; Owner: postgres
--

CREATE TABLE public.orders (
    id integer NOT NULL,
    count integer NOT NULL,
    date_time timestamp without time zone,
    number character varying(255),
    price real NOT NULL,
    status integer,
    person_id integer NOT NULL,
    product_id integer NOT NULL
);


ALTER TABLE public.orders OWNER TO postgres;

--
-- TOC entry 213 (class 1259 OID 17145)
-- Name: orders_id_seq; Type: SEQUENCE; Schema: public; Owner: postgres
--

ALTER TABLE public.orders ALTER COLUMN id ADD GENERATED BY DEFAULT AS IDENTITY (
    SEQUENCE NAME public.orders_id_seq
    START WITH 1
    INCREMENT BY 1
    NO MINVALUE
    NO MAXVALUE
    CACHE 1
);


--
-- TOC entry 216 (class 1259 OID 17152)
-- Name: person; Type: TABLE; Schema: public; Owner: postgres
--

CREATE TABLE public.person (
    id integer NOT NULL,
    login character varying(50),
    password character varying(255),
    role character varying(255)
);


ALTER TABLE public.person OWNER TO postgres;

--
-- TOC entry 215 (class 1259 OID 17151)
-- Name: person_id_seq; Type: SEQUENCE; Schema: public; Owner: postgres
--

ALTER TABLE public.person ALTER COLUMN id ADD GENERATED BY DEFAULT AS IDENTITY (
    SEQUENCE NAME public.person_id_seq
    START WITH 1
    INCREMENT BY 1
    NO MINVALUE
    NO MAXVALUE
    CACHE 1
);


--
-- TOC entry 218 (class 1259 OID 17160)
-- Name: product; Type: TABLE; Schema: public; Owner: postgres
--

CREATE TABLE public.product (
    id integer NOT NULL,
    date_time_of_created timestamp without time zone,
    description text NOT NULL,
    price real NOT NULL,
    seller character varying(255) NOT NULL,
    title text NOT NULL,
    warehouse character varying(255) NOT NULL,
    category_id integer NOT NULL,
    CONSTRAINT product_price_check CHECK ((price >= (1)::double precision))
);


ALTER TABLE public.product OWNER TO postgres;

--
-- TOC entry 220 (class 1259 OID 17169)
-- Name: product_cart; Type: TABLE; Schema: public; Owner: postgres
--

CREATE TABLE public.product_cart (
    id integer NOT NULL,
    person_id integer,
    product_id integer
);


ALTER TABLE public.product_cart OWNER TO postgres;

--
-- TOC entry 219 (class 1259 OID 17168)
-- Name: product_cart_id_seq; Type: SEQUENCE; Schema: public; Owner: postgres
--

ALTER TABLE public.product_cart ALTER COLUMN id ADD GENERATED BY DEFAULT AS IDENTITY (
    SEQUENCE NAME public.product_cart_id_seq
    START WITH 1
    INCREMENT BY 1
    NO MINVALUE
    NO MAXVALUE
    CACHE 1
);


--
-- TOC entry 217 (class 1259 OID 17159)
-- Name: product_id_seq; Type: SEQUENCE; Schema: public; Owner: postgres
--

ALTER TABLE public.product ALTER COLUMN id ADD GENERATED BY DEFAULT AS IDENTITY (
    SEQUENCE NAME public.product_id_seq
    START WITH 1
    INCREMENT BY 1
    NO MINVALUE
    NO MAXVALUE
    CACHE 1
);


--
-- TOC entry 3350 (class 0 OID 17134)
-- Dependencies: 210
-- Data for Name: category; Type: TABLE DATA; Schema: public; Owner: postgres
--

INSERT INTO public.category (id, name) VALUES (1, 'Мебель');
INSERT INTO public.category (id, name) VALUES (2, 'Бытовая техника');
INSERT INTO public.category (id, name) VALUES (3, 'Одежда');


--
-- TOC entry 3352 (class 0 OID 17140)
-- Dependencies: 212
-- Data for Name: image; Type: TABLE DATA; Schema: public; Owner: postgres
--

INSERT INTO public.image (id, file_name, product_id) VALUES (11, '21859abe-972d-4d70-b093-b435d7b76a10.6423008125.webp', 3);
INSERT INTO public.image (id, file_name, product_id) VALUES (12, '290e9007-1551-4667-8baa-d3faae5e456c.6423008126.webp', 3);
INSERT INTO public.image (id, file_name, product_id) VALUES (13, '3b0d5193-eb6a-46fc-a4ef-960470943f0b.6423008127.webp', 3);
INSERT INTO public.image (id, file_name, product_id) VALUES (14, '9dbf78bf-c251-4d78-a2a4-e62d26841b29.6423008128.webp', 3);
INSERT INTO public.image (id, file_name, product_id) VALUES (15, 'b4008b7a-15f3-4c62-98dd-07f1c144a30b.6423008129.webp', 3);
INSERT INTO public.image (id, file_name, product_id) VALUES (16, '39b05770-bb44-4bdc-af7e-22c3a261e21b.6212255393.webp', 4);
INSERT INTO public.image (id, file_name, product_id) VALUES (17, '5b33ac3c-16a5-44fd-a3e1-d0bae2dd86de.6212255399.webp', 4);
INSERT INTO public.image (id, file_name, product_id) VALUES (18, '7329472b-cb13-4a90-a9ad-5f91fc1f91f9.6212255400.webp', 4);
INSERT INTO public.image (id, file_name, product_id) VALUES (19, '2da2c948-4bc6-4df8-bd13-e27c57c96e33.6391858319.webp', 4);
INSERT INTO public.image (id, file_name, product_id) VALUES (20, 'f84d9165-4812-44da-ad3a-df3c0ceba929.6399584279.webp', 4);
INSERT INTO public.image (id, file_name, product_id) VALUES (21, '774147e1-08ec-43ce-a82b-91b4b7c0daa0.6411682239.webp', 5);
INSERT INTO public.image (id, file_name, product_id) VALUES (22, 'eb9f05f0-c0ea-4876-a0aa-1adb9f09ad4b.6411682241.webp', 5);
INSERT INTO public.image (id, file_name, product_id) VALUES (23, '1f33c021-87a9-46fb-bb4b-32f1793a5c9e.6411682243.webp', 5);
INSERT INTO public.image (id, file_name, product_id) VALUES (24, '1627ed3e-cd43-4172-a3e3-c1f994b70c9a.6411682244.webp', 5);
INSERT INTO public.image (id, file_name, product_id) VALUES (25, '914992e9-d0dd-4f8b-afa2-f05f8486fae7.6413139503.webp', 5);
INSERT INTO public.image (id, file_name, product_id) VALUES (26, '36002c1d-12b4-402e-b36f-a598c82de264.6399158303.webp', 6);
INSERT INTO public.image (id, file_name, product_id) VALUES (27, '251309f0-d0e6-433b-9bd1-66702c97f4c8.6399542235.webp', 6);
INSERT INTO public.image (id, file_name, product_id) VALUES (28, '759248ed-ad59-4f90-b9d6-62688cb614d4.6399542237.webp', 6);
INSERT INTO public.image (id, file_name, product_id) VALUES (29, 'a05b8804-b3ea-4b36-98ae-0caa1e147afc.6399542238.webp', 6);
INSERT INTO public.image (id, file_name, product_id) VALUES (30, '4faa0711-d5cf-4349-90bc-eccc621906fe.6399542240.webp', 6);
INSERT INTO public.image (id, file_name, product_id) VALUES (31, '8a96825f-92db-4663-afe6-dde3a5c80f12.6375075706.webp', 7);
INSERT INTO public.image (id, file_name, product_id) VALUES (32, '31c21252-afc7-40fc-970c-8e822dcc5189.6375075708.webp', 7);
INSERT INTO public.image (id, file_name, product_id) VALUES (33, '3cc55c17-834d-49f1-98fe-19d6992bde82.6375075709.webp', 7);
INSERT INTO public.image (id, file_name, product_id) VALUES (34, 'cce3d663-632b-4c4f-bc1a-267093d35999.6375075710.webp', 7);
INSERT INTO public.image (id, file_name, product_id) VALUES (35, 'b76c1f62-2bec-4ab5-a744-5c99a0d19202.6411975657.webp', 7);


--
-- TOC entry 3354 (class 0 OID 17146)
-- Dependencies: 214
-- Data for Name: orders; Type: TABLE DATA; Schema: public; Owner: postgres
--



--
-- TOC entry 3356 (class 0 OID 17152)
-- Dependencies: 216
-- Data for Name: person; Type: TABLE DATA; Schema: public; Owner: postgres
--

INSERT INTO public.person (id, login, password, role) VALUES (1, 'user_test', '$2a$10$rmqWs4vL6tm2TIss/v.aTuXN.040jphwPuliBrIfa5gTNmfrpHVfO', 'ROLE_USER');
INSERT INTO public.person (id, login, password, role) VALUES (2, 'admin', '$2a$10$.rd9DXgFKboTEoPHdmOFeOsYLDU3dJOXVOQXKIMuYb.WqAaWgb4t2', 'ROLE_ADMIN');


--
-- TOC entry 3358 (class 0 OID 17160)
-- Dependencies: 218
-- Data for Name: product; Type: TABLE DATA; Schema: public; Owner: postgres
--

INSERT INTO public.product (id, date_time_of_created, description, price, seller, title, warehouse, category_id) VALUES (3, '2022-12-15 16:06:32.244183', 'Компактная автоматическая кофемашина DeLonghi Magnifica S ECAM 22.105 выполнена в элегантном корпусе. Она оснащена множеством удобных автоматических функций, включая автоматическое выключение, удаление накипи и самоочистка.

Данная модель позволяет простым нажатием кнопки и поворотом рукоятки приготовить ваш любимый кофе. Кофемашина имеет традиционный ручной капучинатор, с помощью которого вы можете сделать пышную молочную пену для капучино, а также подставку для чашек с подогревом.

Новая панель управления

Позволяет приготовить любой тип кофе простым нажатием кнопки. Простое вращение ручки позволяет увеличить или уменьшить крепость кофе. Нажатием кнопки можно выбрать маленькую или большую порцию.

Прибор оснащен контейнером для зерен с крышкой, сохраняющий аромат.

Система капучино из нержавеющей стали: смешивает пар, воздух и молоко, позволяя приготовить пышную молочную пену.

Съемный компактный блок приготовления вместимостью от 6 до 14 г

Долговечная кофемолка с регулировкой до 13 степеней помола

Программируемое количество кофе на порцию

Программируемое количество воды на порцию

Предварительное смачивание

Возможность установки кофейных чашек высотой от 86 до 142 мм

Контейнер для кофе, сохраняющий аромат

Контейнер для жмыха на 14 порций с индикацией наполненности

Объем контейнера для зерен: 250 г

Съемный поддон для капель с индикатором уровня воды

Функция энергосбережения

Режим ожидания

Быстрое приготовление капучино', 24990, 'Магазин бытовых товаров', 'Автоматическая кофемашина', '1', 2);
INSERT INTO public.product (id, date_time_of_created, description, price, seller, title, warehouse, category_id) VALUES (4, '2022-12-15 16:08:49.445281', 'Комплектация
Щелевая насадка, насадка 2-1, основная насадка, аккумулятор, держатель настенный, пылесос, труба, зарядное устройство, фильтр, инструкция .
Насадки пылесоса: Гибкая щелевая насадка, Для мебели, Для паркета, Для сбора шерсти животных, Для уборки пыли, Для уборки пола, Насадка с LED подсветкой, Для ковра, Комбинированная насадка, Моторизованная турбощетка, Турбощетка, Щелевая насадка, Универсальная, Электрощетка', 14849, 'Магазин бытовых товаров', 'Пылесос вертикальный беспроводной', '1', 2);
INSERT INTO public.product (id, date_time_of_created, description, price, seller, title, warehouse, category_id) VALUES (5, '2022-12-15 16:10:15.116621', 'Уникальное элегантное кресло со спинкой моментально преобразит ваш интерьер и обеспечит 100% комфорт. Кресло на ножках Лорд от бренда Ами имеет эргономичную форму. Сидушка содержит качественный наполнитель, что делает сиденье ещё более мягким и гипоаллергенным. Надежный каркас легко выдержит любой вес и даже прыжки ребенка.

Модель полностью универсальна. Подойдёт:

· В гостиную

· В рабочий кабинет

· В спальню

· В офис

· В детскую комнату

И любое другое помещение, в котором надо создать уют и тепло. Невысокие деревянные ножки формируют эстетическую красоту модели. Уникальная ткань позволяет использовать изделие как офисное кресло для деловых интерьеров, так и как домашнее кресло для городской квартиры или загородного дома.

Стильное кресло для отдыха дома подойдёт под любые интерьеры помещений. Выполненное в стиле лофт, оно разнообразит дизайн дома, может стать отличным элементом декора в рабочем кабинете руководителя в офисе, в кафе или баре гостиницы. Может также применяться под скандинавский стиль, классический, минимализм и любые другие направления в дизайне помещений.

Дизайнерское кресло с качественной обивкой легко моется. Сама ткань износостойкая и долговечная. Спинка декорирована пуговицами в цвет основной ткани. Конструкция кресла тщательно продумана для максимального удобства: глубокая посадка, мягкая высокая спинка с ушками, плавные подлокотники. Эргономичная форма кресла позволит Вам принять расслабляющую позу, подушка поддержит вашу спину и обеспечит дополнительный комфорт, поможет принять любое положение в кресле. В этом кресле легко потерять счет времени!

Размеры изделия: ширина кресла – 79 см, высота – 104 см, глубина кресла - 98 см, глубина сиденья - 53,5 см, высота сиденья - 45 см, высота подлокотника - 61,5 см.

Современные материалы с высокими показателями износостойкости гарантируют длительный срок службы изделия. Синее бархатное кресло выдерживает нагрузку в 150 кг!

Основание: ППУ (пенополиуретан). Материал ножек: массив дерева.

Ищите идеальное кресло, чтобы уединиться с чашкой кофе после напряженного рабочего дня в уютном уголке, почитать книгу или поработать за ноутбуком? Кресло Лорд бренда AMI – Ваш выбор!', 11499, 'Магазин мебели', 'Кресло', '2', 1);
INSERT INTO public.product (id, date_time_of_created, description, price, seller, title, warehouse, category_id) VALUES (6, '2022-12-15 16:11:47.134149', 'Журнальный столик Звездный от SONOX Mebel это безупречное качество в каждой детали. Круглая столешница МДФ покрыта защитной пленкой под мрамор. Подстолье из высокопрочного металла покрыто экологичной, износостойкой краской порошковым способом окрашивания. Цвет подстолья: черный матовый или матовое золото. Все столешницы глянцевые: белый мрамор, черный мрамор. Размер столика: h- 45см, d-60см. Наш "мраморный" столик не только стильное дополнение интерьера гостиной для журналов, ноутбука и декора. Поверхность столешницы защищена со всех сторон специальной пленкой от попадания жидкости, на него можно ставить горячую посуду до 60 градусов. Поэтому «журнальный» – это слишком мало. Декоративный столик может стать чайный, кофейный для завтрака, фуршетный для небольшой компании гостей. За ним легко ухаживать – протирать влажной мягкой тряпочкой без агрессивных бытовых средств. Стильный дизайн продуман до мелочей под функциональность. Легкий стол трансформер с защитными подпятниками на металлическом подстолье удобно и безопасно перемещать для любого покрытия пола. Столик подходит под диван, кровать, кресло и столик становится приставной прикроватный, придиванный, диванный. Низкий стол трансформер в стиле лофт дополнит мебель любой комнаты: гостинной, спальни, прихожей, идеален для балкона как балконный, террасы. Подарок восторг на свадьбу, день рождения, годовщину, юбилей', 9067, 'Магазин мебели', 'Журнальный стол', '2', 1);
INSERT INTO public.product (id, date_time_of_created, description, price, seller, title, warehouse, category_id) VALUES (7, '2022-12-15 16:12:39.862681', 'Универсальный пиджак на разные случаи в жизни: на работу в офис, на вечеринки, на праздники, на встреч деловые дружеские, на прогулки с друзьями, на учебу в школу или универ. Плотный материал состоящий из вискоза и полиэстер очень практичный в ношении. Ткань не требует особого ухода и особо не мнется. Стильный деловой костюм можете сочетать с классикой и так-же с джинсами и джогеррами. Стильный деловой костюм со стойким воротником особо выделит вас со строгим стилем. Наш топовый пиджак который сочетает в себе строгую классику и свободный стиль выручит вас всегда. ', 2984, 'Магазин одежды', 'Пиджак', '3', 3);


--
-- TOC entry 3360 (class 0 OID 17169)
-- Dependencies: 220
-- Data for Name: product_cart; Type: TABLE DATA; Schema: public; Owner: postgres
--



--
-- TOC entry 3366 (class 0 OID 0)
-- Dependencies: 209
-- Name: category_id_seq; Type: SEQUENCE SET; Schema: public; Owner: postgres
--

SELECT pg_catalog.setval('public.category_id_seq', 6, true);


--
-- TOC entry 3367 (class 0 OID 0)
-- Dependencies: 211
-- Name: image_id_seq; Type: SEQUENCE SET; Schema: public; Owner: postgres
--

SELECT pg_catalog.setval('public.image_id_seq', 35, true);


--
-- TOC entry 3368 (class 0 OID 0)
-- Dependencies: 213
-- Name: orders_id_seq; Type: SEQUENCE SET; Schema: public; Owner: postgres
--

SELECT pg_catalog.setval('public.orders_id_seq', 3, true);


--
-- TOC entry 3369 (class 0 OID 0)
-- Dependencies: 215
-- Name: person_id_seq; Type: SEQUENCE SET; Schema: public; Owner: postgres
--

SELECT pg_catalog.setval('public.person_id_seq', 2, true);


--
-- TOC entry 3370 (class 0 OID 0)
-- Dependencies: 219
-- Name: product_cart_id_seq; Type: SEQUENCE SET; Schema: public; Owner: postgres
--

SELECT pg_catalog.setval('public.product_cart_id_seq', 3, true);


--
-- TOC entry 3371 (class 0 OID 0)
-- Dependencies: 217
-- Name: product_id_seq; Type: SEQUENCE SET; Schema: public; Owner: postgres
--

SELECT pg_catalog.setval('public.product_id_seq', 7, true);


--
-- TOC entry 3191 (class 2606 OID 17138)
-- Name: category category_pkey; Type: CONSTRAINT; Schema: public; Owner: postgres
--

ALTER TABLE ONLY public.category
    ADD CONSTRAINT category_pkey PRIMARY KEY (id);


--
-- TOC entry 3193 (class 2606 OID 17144)
-- Name: image image_pkey; Type: CONSTRAINT; Schema: public; Owner: postgres
--

ALTER TABLE ONLY public.image
    ADD CONSTRAINT image_pkey PRIMARY KEY (id);


--
-- TOC entry 3195 (class 2606 OID 17150)
-- Name: orders orders_pkey; Type: CONSTRAINT; Schema: public; Owner: postgres
--

ALTER TABLE ONLY public.orders
    ADD CONSTRAINT orders_pkey PRIMARY KEY (id);


--
-- TOC entry 3197 (class 2606 OID 17158)
-- Name: person person_pkey; Type: CONSTRAINT; Schema: public; Owner: postgres
--

ALTER TABLE ONLY public.person
    ADD CONSTRAINT person_pkey PRIMARY KEY (id);


--
-- TOC entry 3203 (class 2606 OID 17173)
-- Name: product_cart product_cart_pkey; Type: CONSTRAINT; Schema: public; Owner: postgres
--

ALTER TABLE ONLY public.product_cart
    ADD CONSTRAINT product_cart_pkey PRIMARY KEY (id);


--
-- TOC entry 3199 (class 2606 OID 17167)
-- Name: product product_pkey; Type: CONSTRAINT; Schema: public; Owner: postgres
--

ALTER TABLE ONLY public.product
    ADD CONSTRAINT product_pkey PRIMARY KEY (id);


--
-- TOC entry 3201 (class 2606 OID 17175)
-- Name: product uk_qka6vxqdy1dprtqnx9trdd47c; Type: CONSTRAINT; Schema: public; Owner: postgres
--

ALTER TABLE ONLY public.product
    ADD CONSTRAINT uk_qka6vxqdy1dprtqnx9trdd47c UNIQUE (title);


--
-- TOC entry 3205 (class 2606 OID 17181)
-- Name: orders fk1b0m4muwx1t377w9if3w6wwqn; Type: FK CONSTRAINT; Schema: public; Owner: postgres
--

ALTER TABLE ONLY public.orders
    ADD CONSTRAINT fk1b0m4muwx1t377w9if3w6wwqn FOREIGN KEY (person_id) REFERENCES public.person(id);


--
-- TOC entry 3207 (class 2606 OID 17191)
-- Name: product fk1mtsbur82frn64de7balymq9s; Type: FK CONSTRAINT; Schema: public; Owner: postgres
--

ALTER TABLE ONLY public.product
    ADD CONSTRAINT fk1mtsbur82frn64de7balymq9s FOREIGN KEY (category_id) REFERENCES public.category(id);


--
-- TOC entry 3206 (class 2606 OID 17186)
-- Name: orders fk787ibr3guwp6xobrpbofnv7le; Type: FK CONSTRAINT; Schema: public; Owner: postgres
--

ALTER TABLE ONLY public.orders
    ADD CONSTRAINT fk787ibr3guwp6xobrpbofnv7le FOREIGN KEY (product_id) REFERENCES public.product(id);


--
-- TOC entry 3204 (class 2606 OID 17176)
-- Name: image fkgpextbyee3uk9u6o2381m7ft1; Type: FK CONSTRAINT; Schema: public; Owner: postgres
--

ALTER TABLE ONLY public.image
    ADD CONSTRAINT fkgpextbyee3uk9u6o2381m7ft1 FOREIGN KEY (product_id) REFERENCES public.product(id);


--
-- TOC entry 3209 (class 2606 OID 17201)
-- Name: product_cart fkhpnrxdy3jhujameyod08ilvvw; Type: FK CONSTRAINT; Schema: public; Owner: postgres
--

ALTER TABLE ONLY public.product_cart
    ADD CONSTRAINT fkhpnrxdy3jhujameyod08ilvvw FOREIGN KEY (product_id) REFERENCES public.product(id);


--
-- TOC entry 3208 (class 2606 OID 17196)
-- Name: product_cart fksgnkc1ko2i1o9yr2p63ysq3rn; Type: FK CONSTRAINT; Schema: public; Owner: postgres
--

ALTER TABLE ONLY public.product_cart
    ADD CONSTRAINT fksgnkc1ko2i1o9yr2p63ysq3rn FOREIGN KEY (person_id) REFERENCES public.person(id);


-- Completed on 2022-12-15 16:25:23

--
-- PostgreSQL database dump complete
--

